brand,title,price
Unknown,FRANCK MULLER,"AvailableThis model is now available$7,1002025-2025"
Unknown,FRANCK MULLER,Call for price
Unknown,TISSOT,AvailableThis model is now availableCall for price
Unknown,TISSOT,Call for price
Unknown,G SHOCK,AvailableThis model is now available$1502025-2025
Unknown,G SHOCK,Call for price
Unknown,CARTIER,"AvailableThis model is now available$13,0002021-2025"
Unknown,CARTIER,Call for price
Unknown,BREITLING,AvailableThis model is now availableCALL FOR PRICE
Unknown,BREITLING,Call for price
Unknown,TISSOT,"AvailableThis model is now available$1,2002023-2025"
Unknown,TISSOT,Call for price
Unknown,FRANCK MULLER,"AvailableThis model is now available$7,1002025-2025"
Unknown,FRANCK MULLER,Call for price
Unknown,ROLEX,"AvailableThis model is now available$9,9302022-2025"
Unknown,ROLEX,Call for price
